--
-- PostgreSQL database dump
--

-- Dumped from database version 13.1
-- Dumped by pg_dump version 13.1

SET statement_timeout = 0;
SET lock_timeout = 0;
SET idle_in_transaction_session_timeout = 0;
SET client_encoding = 'UTF8';
SET standard_conforming_strings = on;
SELECT pg_catalog.set_config('search_path', '', false);
SET check_function_bodies = false;
SET xmloption = content;
SET client_min_messages = warning;
SET row_security = off;

SET default_tablespace = '';

SET default_table_access_method = heap;

--
-- Name: account_emailaddress; Type: TABLE; Schema: public; Owner: -
--

CREATE TABLE public.account_emailaddress (
    id integer NOT NULL,
    email character varying(254) NOT NULL,
    verified boolean NOT NULL,
    "primary" boolean NOT NULL,
    user_id integer NOT NULL
);


--
-- Name: account_emailaddress_id_seq; Type: SEQUENCE; Schema: public; Owner: -
--

CREATE SEQUENCE public.account_emailaddress_id_seq
    AS integer
    START WITH 1
    INCREMENT BY 1
    NO MINVALUE
    NO MAXVALUE
    CACHE 1;


--
-- Name: account_emailaddress_id_seq; Type: SEQUENCE OWNED BY; Schema: public; Owner: -
--

ALTER SEQUENCE public.account_emailaddress_id_seq OWNED BY public.account_emailaddress.id;


--
-- Name: account_emailconfirmation; Type: TABLE; Schema: public; Owner: -
--

CREATE TABLE public.account_emailconfirmation (
    id integer NOT NULL,
    created timestamp with time zone NOT NULL,
    sent timestamp with time zone,
    key character varying(64) NOT NULL,
    email_address_id integer NOT NULL
);


--
-- Name: account_emailconfirmation_id_seq; Type: SEQUENCE; Schema: public; Owner: -
--

CREATE SEQUENCE public.account_emailconfirmation_id_seq
    AS integer
    START WITH 1
    INCREMENT BY 1
    NO MINVALUE
    NO MAXVALUE
    CACHE 1;


--
-- Name: account_emailconfirmation_id_seq; Type: SEQUENCE OWNED BY; Schema: public; Owner: -
--

ALTER SEQUENCE public.account_emailconfirmation_id_seq OWNED BY public.account_emailconfirmation.id;


--
-- Name: auth_group; Type: TABLE; Schema: public; Owner: -
--

CREATE TABLE public.auth_group (
    id integer NOT NULL,
    name character varying(150) NOT NULL
);


--
-- Name: auth_group_id_seq; Type: SEQUENCE; Schema: public; Owner: -
--

CREATE SEQUENCE public.auth_group_id_seq
    AS integer
    START WITH 1
    INCREMENT BY 1
    NO MINVALUE
    NO MAXVALUE
    CACHE 1;


--
-- Name: auth_group_id_seq; Type: SEQUENCE OWNED BY; Schema: public; Owner: -
--

ALTER SEQUENCE public.auth_group_id_seq OWNED BY public.auth_group.id;


--
-- Name: auth_group_permissions; Type: TABLE; Schema: public; Owner: -
--

CREATE TABLE public.auth_group_permissions (
    id integer NOT NULL,
    group_id integer NOT NULL,
    permission_id integer NOT NULL
);


--
-- Name: auth_group_permissions_id_seq; Type: SEQUENCE; Schema: public; Owner: -
--

CREATE SEQUENCE public.auth_group_permissions_id_seq
    AS integer
    START WITH 1
    INCREMENT BY 1
    NO MINVALUE
    NO MAXVALUE
    CACHE 1;


--
-- Name: auth_group_permissions_id_seq; Type: SEQUENCE OWNED BY; Schema: public; Owner: -
--

ALTER SEQUENCE public.auth_group_permissions_id_seq OWNED BY public.auth_group_permissions.id;


--
-- Name: auth_permission; Type: TABLE; Schema: public; Owner: -
--

CREATE TABLE public.auth_permission (
    id integer NOT NULL,
    name character varying(255) NOT NULL,
    content_type_id integer NOT NULL,
    codename character varying(100) NOT NULL
);


--
-- Name: auth_permission_id_seq; Type: SEQUENCE; Schema: public; Owner: -
--

CREATE SEQUENCE public.auth_permission_id_seq
    AS integer
    START WITH 1
    INCREMENT BY 1
    NO MINVALUE
    NO MAXVALUE
    CACHE 1;


--
-- Name: auth_permission_id_seq; Type: SEQUENCE OWNED BY; Schema: public; Owner: -
--

ALTER SEQUENCE public.auth_permission_id_seq OWNED BY public.auth_permission.id;


--
-- Name: auth_user; Type: TABLE; Schema: public; Owner: -
--

CREATE TABLE public.auth_user (
    id integer NOT NULL,
    password character varying(128) NOT NULL,
    last_login timestamp with time zone,
    is_superuser boolean NOT NULL,
    username character varying(150) NOT NULL,
    first_name character varying(150) NOT NULL,
    last_name character varying(150) NOT NULL,
    email character varying(254) NOT NULL,
    is_staff boolean NOT NULL,
    is_active boolean NOT NULL,
    date_joined timestamp with time zone NOT NULL
);


--
-- Name: auth_user_groups; Type: TABLE; Schema: public; Owner: -
--

CREATE TABLE public.auth_user_groups (
    id integer NOT NULL,
    user_id integer NOT NULL,
    group_id integer NOT NULL
);


--
-- Name: auth_user_groups_id_seq; Type: SEQUENCE; Schema: public; Owner: -
--

CREATE SEQUENCE public.auth_user_groups_id_seq
    AS integer
    START WITH 1
    INCREMENT BY 1
    NO MINVALUE
    NO MAXVALUE
    CACHE 1;


--
-- Name: auth_user_groups_id_seq; Type: SEQUENCE OWNED BY; Schema: public; Owner: -
--

ALTER SEQUENCE public.auth_user_groups_id_seq OWNED BY public.auth_user_groups.id;


--
-- Name: auth_user_id_seq; Type: SEQUENCE; Schema: public; Owner: -
--

CREATE SEQUENCE public.auth_user_id_seq
    AS integer
    START WITH 1
    INCREMENT BY 1
    NO MINVALUE
    NO MAXVALUE
    CACHE 1;


--
-- Name: auth_user_id_seq; Type: SEQUENCE OWNED BY; Schema: public; Owner: -
--

ALTER SEQUENCE public.auth_user_id_seq OWNED BY public.auth_user.id;


--
-- Name: auth_user_user_permissions; Type: TABLE; Schema: public; Owner: -
--

CREATE TABLE public.auth_user_user_permissions (
    id integer NOT NULL,
    user_id integer NOT NULL,
    permission_id integer NOT NULL
);


--
-- Name: auth_user_user_permissions_id_seq; Type: SEQUENCE; Schema: public; Owner: -
--

CREATE SEQUENCE public.auth_user_user_permissions_id_seq
    AS integer
    START WITH 1
    INCREMENT BY 1
    NO MINVALUE
    NO MAXVALUE
    CACHE 1;


--
-- Name: auth_user_user_permissions_id_seq; Type: SEQUENCE OWNED BY; Schema: public; Owner: -
--

ALTER SEQUENCE public.auth_user_user_permissions_id_seq OWNED BY public.auth_user_user_permissions.id;


--
-- Name: authtoken_token; Type: TABLE; Schema: public; Owner: -
--

CREATE TABLE public.authtoken_token (
    key character varying(40) NOT NULL,
    created timestamp with time zone NOT NULL,
    user_id integer NOT NULL
);


--
-- Name: django_admin_log; Type: TABLE; Schema: public; Owner: -
--

CREATE TABLE public.django_admin_log (
    id integer NOT NULL,
    action_time timestamp with time zone NOT NULL,
    object_id text,
    object_repr character varying(200) NOT NULL,
    action_flag smallint NOT NULL,
    change_message text NOT NULL,
    content_type_id integer,
    user_id integer NOT NULL,
    CONSTRAINT django_admin_log_action_flag_check CHECK ((action_flag >= 0))
);


--
-- Name: django_admin_log_id_seq; Type: SEQUENCE; Schema: public; Owner: -
--

CREATE SEQUENCE public.django_admin_log_id_seq
    AS integer
    START WITH 1
    INCREMENT BY 1
    NO MINVALUE
    NO MAXVALUE
    CACHE 1;


--
-- Name: django_admin_log_id_seq; Type: SEQUENCE OWNED BY; Schema: public; Owner: -
--

ALTER SEQUENCE public.django_admin_log_id_seq OWNED BY public.django_admin_log.id;


--
-- Name: django_content_type; Type: TABLE; Schema: public; Owner: -
--

CREATE TABLE public.django_content_type (
    id integer NOT NULL,
    app_label character varying(100) NOT NULL,
    model character varying(100) NOT NULL
);


--
-- Name: django_content_type_id_seq; Type: SEQUENCE; Schema: public; Owner: -
--

CREATE SEQUENCE public.django_content_type_id_seq
    AS integer
    START WITH 1
    INCREMENT BY 1
    NO MINVALUE
    NO MAXVALUE
    CACHE 1;


--
-- Name: django_content_type_id_seq; Type: SEQUENCE OWNED BY; Schema: public; Owner: -
--

ALTER SEQUENCE public.django_content_type_id_seq OWNED BY public.django_content_type.id;


--
-- Name: django_migrations; Type: TABLE; Schema: public; Owner: -
--

CREATE TABLE public.django_migrations (
    id integer NOT NULL,
    app character varying(255) NOT NULL,
    name character varying(255) NOT NULL,
    applied timestamp with time zone NOT NULL
);


--
-- Name: django_migrations_id_seq; Type: SEQUENCE; Schema: public; Owner: -
--

CREATE SEQUENCE public.django_migrations_id_seq
    AS integer
    START WITH 1
    INCREMENT BY 1
    NO MINVALUE
    NO MAXVALUE
    CACHE 1;


--
-- Name: django_migrations_id_seq; Type: SEQUENCE OWNED BY; Schema: public; Owner: -
--

ALTER SEQUENCE public.django_migrations_id_seq OWNED BY public.django_migrations.id;


--
-- Name: django_session; Type: TABLE; Schema: public; Owner: -
--

CREATE TABLE public.django_session (
    session_key character varying(40) NOT NULL,
    session_data text NOT NULL,
    expire_date timestamp with time zone NOT NULL
);


--
-- Name: django_site; Type: TABLE; Schema: public; Owner: -
--

CREATE TABLE public.django_site (
    id integer NOT NULL,
    domain character varying(100) NOT NULL,
    name character varying(50) NOT NULL
);


--
-- Name: django_site_id_seq; Type: SEQUENCE; Schema: public; Owner: -
--

CREATE SEQUENCE public.django_site_id_seq
    AS integer
    START WITH 1
    INCREMENT BY 1
    NO MINVALUE
    NO MAXVALUE
    CACHE 1;


--
-- Name: django_site_id_seq; Type: SEQUENCE OWNED BY; Schema: public; Owner: -
--

ALTER SEQUENCE public.django_site_id_seq OWNED BY public.django_site.id;


--
-- Name: scheduleRequests_request; Type: TABLE; Schema: public; Owner: -
--

CREATE TABLE public."scheduleRequests_request" (
    id integer NOT NULL,
    url character varying(200),
    body jsonb,
    method character varying(30) NOT NULL,
    query_params jsonb,
    requested_at timestamp without time zone,
    status_flow character varying(30) NOT NULL,
    status_code character varying(30),
    header jsonb,
    request_response jsonb,
    params jsonb
);


--
-- Name: scheduleRequests_request_id_seq; Type: SEQUENCE; Schema: public; Owner: -
--

CREATE SEQUENCE public."scheduleRequests_request_id_seq"
    AS integer
    START WITH 1
    INCREMENT BY 1
    NO MINVALUE
    NO MAXVALUE
    CACHE 1;


--
-- Name: scheduleRequests_request_id_seq; Type: SEQUENCE OWNED BY; Schema: public; Owner: -
--

ALTER SEQUENCE public."scheduleRequests_request_id_seq" OWNED BY public."scheduleRequests_request".id;


--
-- Name: tasks_task; Type: TABLE; Schema: public; Owner: -
--

CREATE TABLE public.tasks_task (
    id integer NOT NULL,
    name character varying(30) NOT NULL,
    description text,
    task_flow character varying(30) NOT NULL
);


--
-- Name: tasks_task_id_seq; Type: SEQUENCE; Schema: public; Owner: -
--

CREATE SEQUENCE public.tasks_task_id_seq
    AS integer
    START WITH 1
    INCREMENT BY 1
    NO MINVALUE
    NO MAXVALUE
    CACHE 1;


--
-- Name: tasks_task_id_seq; Type: SEQUENCE OWNED BY; Schema: public; Owner: -
--

ALTER SEQUENCE public.tasks_task_id_seq OWNED BY public.tasks_task.id;


--
-- Name: account_emailaddress id; Type: DEFAULT; Schema: public; Owner: -
--

ALTER TABLE ONLY public.account_emailaddress ALTER COLUMN id SET DEFAULT nextval('public.account_emailaddress_id_seq'::regclass);


--
-- Name: account_emailconfirmation id; Type: DEFAULT; Schema: public; Owner: -
--

ALTER TABLE ONLY public.account_emailconfirmation ALTER COLUMN id SET DEFAULT nextval('public.account_emailconfirmation_id_seq'::regclass);


--
-- Name: auth_group id; Type: DEFAULT; Schema: public; Owner: -
--

ALTER TABLE ONLY public.auth_group ALTER COLUMN id SET DEFAULT nextval('public.auth_group_id_seq'::regclass);


--
-- Name: auth_group_permissions id; Type: DEFAULT; Schema: public; Owner: -
--

ALTER TABLE ONLY public.auth_group_permissions ALTER COLUMN id SET DEFAULT nextval('public.auth_group_permissions_id_seq'::regclass);


--
-- Name: auth_permission id; Type: DEFAULT; Schema: public; Owner: -
--

ALTER TABLE ONLY public.auth_permission ALTER COLUMN id SET DEFAULT nextval('public.auth_permission_id_seq'::regclass);


--
-- Name: auth_user id; Type: DEFAULT; Schema: public; Owner: -
--

ALTER TABLE ONLY public.auth_user ALTER COLUMN id SET DEFAULT nextval('public.auth_user_id_seq'::regclass);


--
-- Name: auth_user_groups id; Type: DEFAULT; Schema: public; Owner: -
--

ALTER TABLE ONLY public.auth_user_groups ALTER COLUMN id SET DEFAULT nextval('public.auth_user_groups_id_seq'::regclass);


--
-- Name: auth_user_user_permissions id; Type: DEFAULT; Schema: public; Owner: -
--

ALTER TABLE ONLY public.auth_user_user_permissions ALTER COLUMN id SET DEFAULT nextval('public.auth_user_user_permissions_id_seq'::regclass);


--
-- Name: django_admin_log id; Type: DEFAULT; Schema: public; Owner: -
--

ALTER TABLE ONLY public.django_admin_log ALTER COLUMN id SET DEFAULT nextval('public.django_admin_log_id_seq'::regclass);


--
-- Name: django_content_type id; Type: DEFAULT; Schema: public; Owner: -
--

ALTER TABLE ONLY public.django_content_type ALTER COLUMN id SET DEFAULT nextval('public.django_content_type_id_seq'::regclass);


--
-- Name: django_migrations id; Type: DEFAULT; Schema: public; Owner: -
--

ALTER TABLE ONLY public.django_migrations ALTER COLUMN id SET DEFAULT nextval('public.django_migrations_id_seq'::regclass);


--
-- Name: django_site id; Type: DEFAULT; Schema: public; Owner: -
--

ALTER TABLE ONLY public.django_site ALTER COLUMN id SET DEFAULT nextval('public.django_site_id_seq'::regclass);


--
-- Name: scheduleRequests_request id; Type: DEFAULT; Schema: public; Owner: -
--

ALTER TABLE ONLY public."scheduleRequests_request" ALTER COLUMN id SET DEFAULT nextval('public."scheduleRequests_request_id_seq"'::regclass);


--
-- Name: tasks_task id; Type: DEFAULT; Schema: public; Owner: -
--

ALTER TABLE ONLY public.tasks_task ALTER COLUMN id SET DEFAULT nextval('public.tasks_task_id_seq'::regclass);


--
-- Data for Name: account_emailaddress; Type: TABLE DATA; Schema: public; Owner: -
--

COPY public.account_emailaddress (id, email, verified, "primary", user_id) FROM stdin;
\.


--
-- Data for Name: account_emailconfirmation; Type: TABLE DATA; Schema: public; Owner: -
--

COPY public.account_emailconfirmation (id, created, sent, key, email_address_id) FROM stdin;
\.


--
-- Data for Name: auth_group; Type: TABLE DATA; Schema: public; Owner: -
--

COPY public.auth_group (id, name) FROM stdin;
\.


--
-- Data for Name: auth_group_permissions; Type: TABLE DATA; Schema: public; Owner: -
--

COPY public.auth_group_permissions (id, group_id, permission_id) FROM stdin;
\.


--
-- Data for Name: auth_permission; Type: TABLE DATA; Schema: public; Owner: -
--

COPY public.auth_permission (id, name, content_type_id, codename) FROM stdin;
1	Can add task	1	add_task
2	Can change task	1	change_task
3	Can delete task	1	delete_task
4	Can view task	1	view_task
5	Can add log entry	2	add_logentry
6	Can change log entry	2	change_logentry
7	Can delete log entry	2	delete_logentry
8	Can view log entry	2	view_logentry
9	Can add permission	3	add_permission
10	Can change permission	3	change_permission
11	Can delete permission	3	delete_permission
12	Can view permission	3	view_permission
13	Can add group	4	add_group
14	Can change group	4	change_group
15	Can delete group	4	delete_group
16	Can view group	4	view_group
17	Can add user	5	add_user
18	Can change user	5	change_user
19	Can delete user	5	delete_user
20	Can view user	5	view_user
21	Can add content type	6	add_contenttype
22	Can change content type	6	change_contenttype
23	Can delete content type	6	delete_contenttype
24	Can view content type	6	view_contenttype
25	Can add session	7	add_session
26	Can change session	7	change_session
27	Can delete session	7	delete_session
28	Can view session	7	view_session
29	Can add request	8	add_request
30	Can change request	8	change_request
31	Can delete request	8	delete_request
32	Can view request	8	view_request
33	Can add Token	9	add_token
34	Can change Token	9	change_token
35	Can delete Token	9	delete_token
36	Can view Token	9	view_token
37	Can add token	10	add_tokenproxy
38	Can change token	10	change_tokenproxy
39	Can delete token	10	delete_tokenproxy
40	Can view token	10	view_tokenproxy
41	Can add social application	11	add_socialapp
42	Can change social application	11	change_socialapp
43	Can delete social application	11	delete_socialapp
44	Can view social application	11	view_socialapp
45	Can add social account	12	add_socialaccount
46	Can change social account	12	change_socialaccount
47	Can delete social account	12	delete_socialaccount
48	Can view social account	12	view_socialaccount
49	Can add social application token	13	add_socialtoken
50	Can change social application token	13	change_socialtoken
51	Can delete social application token	13	delete_socialtoken
52	Can view social application token	13	view_socialtoken
53	Can add site	14	add_site
54	Can change site	14	change_site
55	Can delete site	14	delete_site
56	Can view site	14	view_site
57	Can add email address	15	add_emailaddress
58	Can change email address	15	change_emailaddress
59	Can delete email address	15	delete_emailaddress
60	Can view email address	15	view_emailaddress
61	Can add email confirmation	16	add_emailconfirmation
62	Can change email confirmation	16	change_emailconfirmation
63	Can delete email confirmation	16	delete_emailconfirmation
64	Can view email confirmation	16	view_emailconfirmation
\.


--
-- Data for Name: auth_user; Type: TABLE DATA; Schema: public; Owner: -
--

COPY public.auth_user (id, password, last_login, is_superuser, username, first_name, last_name, email, is_staff, is_active, date_joined) FROM stdin;
1	pbkdf2_sha256$216000$xY79jGritx0U$pl43W/+NxGZtWXkDz2bC6rikcJ6n5+dGZmeQCw9ZNsk=	2021-02-22 11:01:24.66424+00	t	amalgmar			amalgmar7@gmail.com	t	t	2021-02-19 10:01:46.299455+00
\.


--
-- Data for Name: auth_user_groups; Type: TABLE DATA; Schema: public; Owner: -
--

COPY public.auth_user_groups (id, user_id, group_id) FROM stdin;
\.


--
-- Data for Name: auth_user_user_permissions; Type: TABLE DATA; Schema: public; Owner: -
--

COPY public.auth_user_user_permissions (id, user_id, permission_id) FROM stdin;
\.


--
-- Data for Name: authtoken_token; Type: TABLE DATA; Schema: public; Owner: -
--

COPY public.authtoken_token (key, created, user_id) FROM stdin;
04a488dc0ecef0602a893dcfb3005edb6c488d47	2021-02-19 15:28:15.769958+00	1
\.


--
-- Data for Name: django_admin_log; Type: TABLE DATA; Schema: public; Owner: -
--

COPY public.django_admin_log (id, action_time, object_id, object_repr, action_flag, change_message, content_type_id, user_id) FROM stdin;
1	2021-02-20 20:26:38.414005+00	121	Request object (121)	2	[{"changed": {"fields": ["Request date"]}}]	8	1
2	2021-02-20 20:26:56.417418+00	121	Request object (121)	2	[{"changed": {"fields": ["Request date"]}}]	8	1
3	2021-02-20 20:32:12.710262+00	121	Request object (121)	2	[{"changed": {"fields": ["Request Url"]}}]	8	1
4	2021-02-20 20:32:27.375419+00	121	Request object (121)	2	[{"changed": {"fields": ["Request Url"]}}]	8	1
5	2021-02-20 20:32:42.863481+00	121	Request object (121)	2	[{"changed": {"fields": ["Request date"]}}]	8	1
6	2021-02-20 20:38:12.628161+00	121	Request object (121)	2	[]	8	1
7	2021-02-20 20:54:20.635833+00	121	Request object (121)	2	[{"changed": {"fields": ["Request Url", "Request date"]}}]	8	1
8	2021-02-20 20:57:42.405245+00	121	Request object (121)	2	[{"changed": {"fields": ["Request date"]}}]	8	1
9	2021-02-20 21:00:10.365688+00	121	Request object (121)	2	[{"changed": {"fields": ["Request date"]}}]	8	1
10	2021-02-20 21:03:01.175631+00	121	Request object (121)	2	[{"changed": {"fields": ["Request date"]}}]	8	1
11	2021-02-20 21:03:18.899279+00	121	Request object (121)	2	[{"changed": {"fields": ["Request date"]}}]	8	1
12	2021-02-20 21:13:37.557584+00	122	Request object (122)	2	[{"changed": {"fields": ["Request date"]}}]	8	1
13	2021-02-20 21:14:57.401098+00	122	Request object (122)	2	[{"changed": {"fields": ["Request date"]}}]	8	1
14	2021-02-20 21:17:34.552781+00	122	Request object (122)	2	[{"changed": {"fields": ["Request date"]}}]	8	1
15	2021-02-20 21:18:27.615788+00	122	Request object (122)	2	[{"changed": {"fields": ["Request date"]}}]	8	1
16	2021-02-20 21:19:37.37335+00	122	Request object (122)	2	[{"changed": {"fields": ["Request date"]}}]	8	1
17	2021-02-21 09:01:55.39325+00	122	Request object (122)	2	[{"changed": {"fields": ["Request date"]}}]	8	1
18	2021-02-21 09:08:27.56212+00	122	Request object (122)	2	[{"changed": {"fields": ["Request date"]}}]	8	1
19	2021-02-21 09:10:58.787481+00	124	Request object (124)	2	[{"changed": {"fields": ["Request date"]}}]	8	1
20	2021-02-21 09:12:54.353132+00	124	Request object (124)	2	[{"changed": {"fields": ["Request date"]}}]	8	1
21	2021-02-21 09:16:17.926661+00	124	Request object (124)	2	[{"changed": {"fields": ["Request date"]}}]	8	1
22	2021-02-22 09:54:55.300941+00	124	Request object (124)	2	[{"changed": {"fields": ["Request date"]}}]	8	1
23	2021-02-22 10:19:24.01795+00	124	Request object (124)	2	[{"changed": {"fields": ["Request date"]}}]	8	1
24	2021-02-22 11:01:56.603656+00	124	Request object (124)	2	[{"changed": {"fields": ["Request Url", "Request date"]}}]	8	1
25	2021-02-22 11:06:09.530548+00	124	Request object (124)	2	[{"changed": {"fields": ["Request date"]}}]	8	1
26	2021-02-22 11:10:35.204513+00	124	Request object (124)	2	[{"changed": {"fields": ["Request date"]}}]	8	1
27	2021-02-22 20:19:19.090996+00	123	Request object (123)	2	[{"changed": {"fields": ["Request Params", "Request date"]}}]	8	1
28	2021-02-22 20:19:44.52583+00	123	Request object (123)	2	[{"changed": {"fields": ["Request date"]}}]	8	1
29	2021-02-22 20:20:09.32167+00	123	Request object (123)	2	[]	8	1
30	2021-02-23 08:18:35.982079+00	124	Request object (124)	2	[{"changed": {"fields": ["Request Url", "Request date"]}}]	8	1
31	2021-02-23 08:22:39.743914+00	124	Request object (124)	2	[{"changed": {"fields": ["Request date"]}}]	8	1
32	2021-02-23 09:56:24.111306+00	124	Request object (124)	2	[{"changed": {"fields": ["Request Method", "Request Body", "Request date"]}}]	8	1
33	2021-02-23 09:58:24.438827+00	124	Request object (124)	2	[{"changed": {"fields": ["Request date"]}}]	8	1
34	2021-02-23 09:58:35.822163+00	124	Request object (124)	2	[{"changed": {"fields": ["Request date"]}}]	8	1
35	2021-02-23 10:00:19.441387+00	124	Request object (124)	2	[{"changed": {"fields": ["Request Url", "Request Method", "Request Body", "Request date"]}}]	8	1
36	2021-02-23 10:05:46.541024+00	124	Request object (124)	2	[{"changed": {"fields": ["Request Method", "Request date"]}}]	8	1
37	2021-02-23 10:10:44.267595+00	124	Request object (124)	2	[{"changed": {"fields": ["Request Url", "Request date"]}}]	8	1
38	2021-02-23 10:17:02.23147+00	124	Request object (124)	2	[{"changed": {"fields": ["Request Url", "Request date"]}}]	8	1
39	2021-02-23 10:17:38.202019+00	124	Request object (124)	2	[{"changed": {"fields": ["Request Url", "Request date"]}}]	8	1
40	2021-02-23 10:27:04.204209+00	123	Request object (123)	2	[{"changed": {"fields": ["Request Method", "Request date"]}}]	8	1
\.


--
-- Data for Name: django_content_type; Type: TABLE DATA; Schema: public; Owner: -
--

COPY public.django_content_type (id, app_label, model) FROM stdin;
1	tasks	task
2	admin	logentry
3	auth	permission
4	auth	group
5	auth	user
6	contenttypes	contenttype
7	sessions	session
8	scheduleRequests	request
9	authtoken	token
10	authtoken	tokenproxy
11	allauth	socialapp
12	allauth	socialaccount
13	allauth	socialtoken
14	sites	site
15	account	emailaddress
16	account	emailconfirmation
\.


--
-- Data for Name: django_migrations; Type: TABLE DATA; Schema: public; Owner: -
--

COPY public.django_migrations (id, app, name, applied) FROM stdin;
1	contenttypes	0001_initial	2021-02-19 10:00:42.185861+00
2	auth	0001_initial	2021-02-19 10:00:42.234729+00
3	admin	0001_initial	2021-02-19 10:00:42.293572+00
4	admin	0002_logentry_remove_auto_add	2021-02-19 10:00:42.308532+00
5	admin	0003_logentry_add_action_flag_choices	2021-02-19 10:00:42.314516+00
6	contenttypes	0002_remove_content_type_name	2021-02-19 10:00:42.326484+00
7	auth	0002_alter_permission_name_max_length	2021-02-19 10:00:42.333466+00
8	auth	0003_alter_user_email_max_length	2021-02-19 10:00:42.342479+00
9	auth	0004_alter_user_username_opts	2021-02-19 10:00:42.348459+00
10	auth	0005_alter_user_last_login_null	2021-02-19 10:00:42.354434+00
11	auth	0006_require_contenttypes_0002	2021-02-19 10:00:42.356405+00
12	auth	0007_alter_validators_add_error_messages	2021-02-19 10:00:42.362389+00
13	auth	0008_alter_user_username_max_length	2021-02-19 10:00:42.379344+00
14	auth	0009_alter_user_last_name_max_length	2021-02-19 10:00:42.385328+00
15	auth	0010_alter_group_name_max_length	2021-02-19 10:00:42.393342+00
16	auth	0011_update_proxy_permissions	2021-02-19 10:00:42.399325+00
17	auth	0012_alter_user_first_name_max_length	2021-02-19 10:00:42.406307+00
18	sessions	0001_initial	2021-02-19 10:00:42.41425+00
19	tasks	0001_initial	2021-02-19 10:00:42.429254+00
20	scheduleRequests	0001_initial	2021-02-19 12:19:44.663092+00
21	scheduleRequests	0002_auto_20210219_1526	2021-02-19 14:26:06.127568+00
22	authtoken	0001_initial	2021-02-19 15:01:01.978464+00
23	authtoken	0002_auto_20160226_1747	2021-02-19 15:01:02.025337+00
24	authtoken	0003_tokenproxy	2021-02-19 15:01:02.027364+00
25	sites	0001_initial	2021-02-19 15:44:22.419287+00
26	sites	0002_alter_domain_unique	2021-02-19 15:44:22.432252+00
27	account	0001_initial	2021-02-19 15:44:27.031634+00
28	account	0002_email_max_length	2021-02-19 15:44:27.063549+00
29	scheduleRequests	0003_auto_20210220_1513	2021-02-20 14:13:37.637821+00
30	scheduleRequests	0004_auto_20210220_1839	2021-02-20 17:39:57.919981+00
31	scheduleRequests	0005_auto_20210220_2044	2021-02-20 19:44:42.32106+00
32	scheduleRequests	0002_auto_20210222_2109	2021-02-22 20:09:40.721255+00
33	scheduleRequests	0002_auto_20210223_1119	2021-02-23 10:19:57.414749+00
\.


--
-- Data for Name: django_session; Type: TABLE DATA; Schema: public; Owner: -
--

COPY public.django_session (session_key, session_data, expire_date) FROM stdin;
01eg6ccybg0x0m7fn36dgwmao1ljtjcc	.eJxVjDkOwjAUBe_iGln-diA2JX3OEP3NOIBsKUuFuDuKlALaNzPvbUbc1jJui87jJOZqwJx-N0J-at2BPLDem-VW13kiuyv2oIsdmujrdrh_BwWXstexIxdQVYOQ85FZes-uB2AfEmOO0qEjiODhnC8kQZKkpN6FTAyd-XwBABM4dg:1lDQIC:wPgbEG7r8eN5xL7h1lOKP7fOcTGI3L1lya08Vdm5MC8	2021-03-06 11:19:20.374076+00
mxj36nlgojyjpz7zra8gkw3s3k2mpqxc	.eJxVjDkOwjAUBe_iGln-diA2JX3OEP3NOIBsKUuFuDuKlALaNzPvbUbc1jJui87jJOZqwJx-N0J-at2BPLDem-VW13kiuyv2oIsdmujrdrh_BwWXstexIxdQVYOQ85FZes-uB2AfEmOO0qEjiODhnC8kQZKkpN6FTAyd-XwBABM4dg:1lDSpu:AyEVEg7Sxx8WibZbJKd7pZ51hhUP8ganVTyt9r4sjvo	2021-03-06 14:02:18.555492+00
yr6by34zad3zs6lnh54smvx5wskrvd2m	.eJxVjDkOwjAUBe_iGln-diA2JX3OEP3NOIBsKUuFuDuKlALaNzPvbUbc1jJui87jJOZqwJx-N0J-at2BPLDem-VW13kiuyv2oIsdmujrdrh_BwWXstexIxdQVYOQ85FZes-uB2AfEmOO0qEjiODhnC8kQZKkpN6FTAyd-XwBABM4dg:1lDtuy:Sg-dnEpUfcGYdMtXq22p-hb3EQ8OLIv-i_rlOARa314	2021-03-07 18:57:20.900253+00
5ebjs0bht5fj9vv0xlshufyj3svcglb6	.eJxVjDkOwjAUBe_iGln-diA2JX3OEP3NOIBsKUuFuDuKlALaNzPvbUbc1jJui87jJOZqwJx-N0J-at2BPLDem-VW13kiuyv2oIsdmujrdrh_BwWXstexIxdQVYOQ85FZes-uB2AfEmOO0qEjiODhnC8kQZKkpN6FTAyd-XwBABM4dg:1lE8xw:bzziIPLY9AZb8Fa1RE5AoQhWIlHMLJTimjsBPhtRcTU	2021-03-08 11:01:24.666261+00
\.


--
-- Data for Name: django_site; Type: TABLE DATA; Schema: public; Owner: -
--

COPY public.django_site (id, domain, name) FROM stdin;
1	example.com	example.com
\.


--
-- Data for Name: scheduleRequests_request; Type: TABLE DATA; Schema: public; Owner: -
--

COPY public."scheduleRequests_request" (id, url, body, method, query_params, requested_at, status_flow, status_code, header, request_response, params) FROM stdin;
115	http://127.0.0.1:8000/tasks/	{"name": "task1", "task_flow": "In Progress", "description": "description2"}	post	{}	2021-02-20 19:48:00	pending	\N	{"Authorization": "token 04a488dc0ecef0602a893dcfb3005edb6c488d47"}	\N	\N
114	http://127.0.0.1:8000/tasks/	{"name": "task1", "task_flow": "In Progress", "description": "description2"}	post	{}	2021-02-20 19:49:00	completed	\N	{"Authorization": "token 04a488dc0ecef0602a893dcfb3005edb6c488d47"}	\N	\N
107	http://127.0.0.1:8000/tasks/	{"name": "taskfinal", "task_flow": "In Progress", "description": "deescrip456tion"}	post	{}	2021-02-20 18:00:00	completed	\N	{"Authorization": "token 04a488dc0ecef0602a893dcfb3005edb6c488d47"}	\N	\N
109	http://127.0.0.1:8000/tasks/	{"name": "task2", "task_flow": "Rejected", "description": "description2"}	post	{}	2021-02-20 18:00:00	completed	\N	{"Authorization": "token 04a488dc0ecef0602a893dcfb3005edb6c488d47"}	\N	\N
110	http://127.0.0.1:8000/tasks/	{"name": "task1", "task_flow": "Rejected", "description": "description2"}	post	{}	2021-02-20 18:05:00	completed	\N	{"Authorization": "token 04a488dc0ecef0602a893dcfb3005edb6c488d47"}	\N	\N
116	http://127.0.0.1:8000/tasks/	{"name": "task1", "task_flow": "In Progress", "description": "description2"}	post	{}	2021-02-20 19:50:00	completed	\N	{"Authorization": "token 04a488dc0ecef0602a893dcfb3005edb6c488d47"}	{"id": 73, "name": "task1", "task_flow": "In Progress", "description": "description2"}	\N
108	http://127.0.0.1:8000/tasks/	{"name": "task2", "task_flow": "Rejected", "description": "description2"}	post	{}	2021-02-20 19:27:00	completed	\N	{"Authorization": "token 04a488dc0ecef0602a893dcfb3005edb6c488d47"}	\N	\N
117	http://127.0.0.1:8000/tasks/	{"name": "task1", "task_flow": "In Progress", "description": "description2"}	post	{}	2021-02-20 19:51:00	completed	\N	{"Authorization": "token 04a488dc0ecef0602a893dcfb3005edb6c488d47"}	{"id": 74, "name": "task1", "task_flow": "In Progress", "description": "description2"}	\N
111	http://127.0.0.1:8000/tasks/	{"name": "task1", "task_flow": "In Progress", "description": "description2"}	post	{}	\N	completed	\N	{"Authorization": "token 04a488dc0ecef0602a893dcfb3005edb6c488d47"}	\N	\N
118	http://127.0.0.1:8000/tasks/	{"name": "task1", "task_flow": "In Progress", "description": "description2"}	post	{}	2021-02-20 19:52:00	completed	201	{"Authorization": "token 04a488dc0ecef0602a893dcfb3005edb6c488d47"}	{"id": 75, "name": "task1", "task_flow": "In Progress", "description": "description2"}	\N
112	http://127.0.0.1:8000/tasks/	{"name": "task1", "task_flow": "In Progress", "description": "description2"}	post	{}	\N	completed	\N	{"Authorization": "token 04a488dc0ecef0602a893dcfb3005edb6c488d47"}	\N	\N
119	http://127.0.0.1:8000/tasks/	{"name": "task1", "task_flow": "In Progress", "description": "description2"}	get	{"id__in": [114, 115]}	2021-02-20 19:54:00	completed	200	{"Authorization": "token 04a488dc0ecef0602a893dcfb3005edb6c488d47"}	[{"id": 6, "name": "task1", "task_flow": "In Progress", "description": "deescription"}, {"id": 7, "name": "task1", "task_flow": "In Progress", "description": "deescrip456tion"}, {"id": 8, "name": "tasddfk1", "task_flow": "In Progress", "description": "deescrip456tion"}, {"id": 9, "name": "tasddfk1", "task_flow": "In Progress", "description": "deescrip456tion"}, {"id": 10, "name": "tasddfk1", "task_flow": "In Progress", "description": "deescrip456tion"}, {"id": 11, "name": "tasddfk1", "task_flow": "In Progress", "description": "deescrip456tion"}, {"id": 12, "name": "tasddfk1", "task_flow": "In Progress", "description": "deescrip456tion"}, {"id": 13, "name": "tasddfk1", "task_flow": "In Progress", "description": "deescrip456tion"}, {"id": 14, "name": "tasddfk1", "task_flow": "In Progress", "description": "deescrip456tion"}, {"id": 15, "name": "tasddfk1", "task_flow": "In Progress", "description": "deescrip456tion"}, {"id": 16, "name": "tasddfk1", "task_flow": "In Progress", "description": "deescrip456tion"}, {"id": 17, "name": "tasddfk1", "task_flow": "In Progress", "description": "deescrip456tion"}, {"id": 18, "name": "tasddfk1", "task_flow": "In Progress", "description": "deescrip456tion"}, {"id": 19, "name": "tasddfk1", "task_flow": "In Progress", "description": "deescrip456tion"}, {"id": 20, "name": "tasddfk1", "task_flow": "In Progress", "description": "deescrip456tion"}, {"id": 21, "name": "tasddfk1", "task_flow": "In Progress", "description": "deescrip456tion"}, {"id": 22, "name": "tasddfk1", "task_flow": "In Progress", "description": "deescrip456tion"}, {"id": 23, "name": "tasddfk76", "task_flow": "In Progress", "description": "deescrip456tion"}, {"id": 24, "name": "tasddfk76", "task_flow": "In Progress", "description": "deescrip456tion"}, {"id": 25, "name": "tasddfk76", "task_flow": "In Progress", "description": "deescrip456tion"}, {"id": 26, "name": "tasddfk76", "task_flow": "In Progress", "description": "deescrip456tion"}, {"id": 27, "name": "tasddfk76", "task_flow": "In Progress", "description": "deescrip456tion"}, {"id": 28, "name": "tasddfk76", "task_flow": "In Progress", "description": "deescrip456tion"}, {"id": 29, "name": "tasddfk76", "task_flow": "In Progress", "description": "deescrip456tion"}, {"id": 30, "name": "tasddfk76", "task_flow": "In Progress", "description": "deescrip456tion"}, {"id": 31, "name": "tasddfk76", "task_flow": "In Progress", "description": "deescrip456tion"}, {"id": 32, "name": "tasddfk76", "task_flow": "In Progress", "description": "deescrip456tion"}, {"id": 33, "name": "tasddfk76", "task_flow": "In Progress", "description": "deescrip456tion"}, {"id": 34, "name": "tasddfk76", "task_flow": "In Progress", "description": "deescrip456tion"}, {"id": 35, "name": "tasddfk76", "task_flow": "In Progress", "description": "deescrip456tion"}, {"id": 36, "name": "tasddfk76", "task_flow": "In Progress", "description": "deescrip456tion"}, {"id": 37, "name": "tasddfk76", "task_flow": "In Progress", "description": "deescrip456tion"}, {"id": 38, "name": "tasddfk76", "task_flow": "In Progress", "description": "deescrip456tion"}, {"id": 39, "name": "tasddfk76", "task_flow": "In Progress", "description": "deescrip456tion"}, {"id": 40, "name": "tasddfk76", "task_flow": "In Progress", "description": "deescrip456tion"}, {"id": 41, "name": "tasddfk76", "task_flow": "In Progress", "description": "deescrip456tion"}, {"id": 42, "name": "tasddfk76", "task_flow": "In Progress", "description": "deescrip456tion"}, {"id": 43, "name": "tasddfk76", "task_flow": "In Progress", "description": "deescrip456tion"}, {"id": 44, "name": "tasddfk76", "task_flow": "In Progress", "description": "deescrip456tion"}, {"id": 45, "name": "tasddfk76", "task_flow": "In Progress", "description": "deescrip456tion"}, {"id": 46, "name": "tasddfk76", "task_flow": "In Progress", "description": "deescrip456tion"}, {"id": 47, "name": "tasddfk76", "task_flow": "In Progress", "description": "deescrip456tion"}, {"id": 48, "name": "tasddfk76", "task_flow": "In Progress", "description": "deescrip456tion"}, {"id": 49, "name": "tasddfk76", "task_flow": "In Progress", "description": "deescrip456tion"}, {"id": 50, "name": "tasddfk76", "task_flow": "In Progress", "description": "deescrip456tion"}, {"id": 51, "name": "tasddfk76", "task_flow": "In Progress", "description": "deescrip456tion"}, {"id": 52, "name": "tasddfk76", "task_flow": "In Progress", "description": "deescrip456tion"}, {"id": 53, "name": "tasddfk76", "task_flow": "In Progress", "description": "deescrip456tion"}, {"id": 54, "name": "tasddfk76", "task_flow": "In Progress", "description": "deescrip456tion"}, {"id": 55, "name": "tasddfk76", "task_flow": "In Progress", "description": "deescrip456tion"}, {"id": 56, "name": "tasddfk76", "task_flow": "In Progress", "description": "deescrip456tion"}, {"id": 57, "name": "tasddfk76", "task_flow": "In Progress", "description": "deescrip456tion"}, {"id": 58, "name": "tasddfk76", "task_flow": "In Progress", "description": "deescrip456tion"}, {"id": 59, "name": "tasddfk76", "task_flow": "In Progress", "description": "deescrip456tion"}, {"id": 60, "name": "tasddfk76", "task_flow": "In Progress", "description": "deescrip456tion"}, {"id": 61, "name": "tasddfk76", "task_flow": "In Progress", "description": "deescrip456tion"}, {"id": 62, "name": "taskfinal", "task_flow": "In Progress", "description": "deescrip456tion"}, {"id": 63, "name": "task2", "task_flow": "Rejected", "description": "description2"}, {"id": 64, "name": "taskfinal", "task_flow": "In Progress", "description": "deescrip456tion"}, {"id": 65, "name": "task1", "task_flow": "Rejected", "description": "description2"}, {"id": 66, "name": "task2", "task_flow": "Rejected", "description": "description2"}, {"id": 67, "name": "task1", "task_flow": "In Progress", "description": "description2"}, {"id": 68, "name": "task1", "task_flow": "In Progress", "description": "description2"}, {"id": 69, "name": "task1", "task_flow": "In Progress", "description": "description2"}, {"id": 70, "name": "task1", "task_flow": "In Progress", "description": "description2"}, {"id": 71, "name": "task1", "task_flow": "In Progress", "description": "description2"}, {"id": 72, "name": "task1", "task_flow": "In Progress", "description": "description2"}, {"id": 73, "name": "task1", "task_flow": "In Progress", "description": "description2"}, {"id": 74, "name": "task1", "task_flow": "In Progress", "description": "description2"}, {"id": 75, "name": "task1", "task_flow": "In Progress", "description": "description2"}]	\N
113	http://127.0.0.1:8000/tasks/	{"name": "task1", "task_flow": "In Progress", "description": "description2"}	post	{}	2021-02-20 19:43:00	completed	\N	{"Authorization": "token 04a488dc0ecef0602a893dcfb3005edb6c488d47"}	\N	\N
120	http://127.0.0.1:8000/tasks/	{"name": "task1", "task_flow": "In Progress", "description": "description2"}	get	{"id__in": [1, 2]}	2021-02-20 19:55:00	completed	200	{"Authorization": "token 04a488dc0ecef0602a893dcfb3005edb6c488d47"}	[{"id": 6, "name": "task1", "task_flow": "In Progress", "description": "deescription"}, {"id": 7, "name": "task1", "task_flow": "In Progress", "description": "deescrip456tion"}, {"id": 8, "name": "tasddfk1", "task_flow": "In Progress", "description": "deescrip456tion"}, {"id": 9, "name": "tasddfk1", "task_flow": "In Progress", "description": "deescrip456tion"}, {"id": 10, "name": "tasddfk1", "task_flow": "In Progress", "description": "deescrip456tion"}, {"id": 11, "name": "tasddfk1", "task_flow": "In Progress", "description": "deescrip456tion"}, {"id": 12, "name": "tasddfk1", "task_flow": "In Progress", "description": "deescrip456tion"}, {"id": 13, "name": "tasddfk1", "task_flow": "In Progress", "description": "deescrip456tion"}, {"id": 14, "name": "tasddfk1", "task_flow": "In Progress", "description": "deescrip456tion"}, {"id": 15, "name": "tasddfk1", "task_flow": "In Progress", "description": "deescrip456tion"}, {"id": 16, "name": "tasddfk1", "task_flow": "In Progress", "description": "deescrip456tion"}, {"id": 17, "name": "tasddfk1", "task_flow": "In Progress", "description": "deescrip456tion"}, {"id": 18, "name": "tasddfk1", "task_flow": "In Progress", "description": "deescrip456tion"}, {"id": 19, "name": "tasddfk1", "task_flow": "In Progress", "description": "deescrip456tion"}, {"id": 20, "name": "tasddfk1", "task_flow": "In Progress", "description": "deescrip456tion"}, {"id": 21, "name": "tasddfk1", "task_flow": "In Progress", "description": "deescrip456tion"}, {"id": 22, "name": "tasddfk1", "task_flow": "In Progress", "description": "deescrip456tion"}, {"id": 23, "name": "tasddfk76", "task_flow": "In Progress", "description": "deescrip456tion"}, {"id": 24, "name": "tasddfk76", "task_flow": "In Progress", "description": "deescrip456tion"}, {"id": 25, "name": "tasddfk76", "task_flow": "In Progress", "description": "deescrip456tion"}, {"id": 26, "name": "tasddfk76", "task_flow": "In Progress", "description": "deescrip456tion"}, {"id": 27, "name": "tasddfk76", "task_flow": "In Progress", "description": "deescrip456tion"}, {"id": 28, "name": "tasddfk76", "task_flow": "In Progress", "description": "deescrip456tion"}, {"id": 29, "name": "tasddfk76", "task_flow": "In Progress", "description": "deescrip456tion"}, {"id": 30, "name": "tasddfk76", "task_flow": "In Progress", "description": "deescrip456tion"}, {"id": 31, "name": "tasddfk76", "task_flow": "In Progress", "description": "deescrip456tion"}, {"id": 32, "name": "tasddfk76", "task_flow": "In Progress", "description": "deescrip456tion"}, {"id": 33, "name": "tasddfk76", "task_flow": "In Progress", "description": "deescrip456tion"}, {"id": 34, "name": "tasddfk76", "task_flow": "In Progress", "description": "deescrip456tion"}, {"id": 35, "name": "tasddfk76", "task_flow": "In Progress", "description": "deescrip456tion"}, {"id": 36, "name": "tasddfk76", "task_flow": "In Progress", "description": "deescrip456tion"}, {"id": 37, "name": "tasddfk76", "task_flow": "In Progress", "description": "deescrip456tion"}, {"id": 38, "name": "tasddfk76", "task_flow": "In Progress", "description": "deescrip456tion"}, {"id": 39, "name": "tasddfk76", "task_flow": "In Progress", "description": "deescrip456tion"}, {"id": 40, "name": "tasddfk76", "task_flow": "In Progress", "description": "deescrip456tion"}, {"id": 41, "name": "tasddfk76", "task_flow": "In Progress", "description": "deescrip456tion"}, {"id": 42, "name": "tasddfk76", "task_flow": "In Progress", "description": "deescrip456tion"}, {"id": 43, "name": "tasddfk76", "task_flow": "In Progress", "description": "deescrip456tion"}, {"id": 44, "name": "tasddfk76", "task_flow": "In Progress", "description": "deescrip456tion"}, {"id": 45, "name": "tasddfk76", "task_flow": "In Progress", "description": "deescrip456tion"}, {"id": 46, "name": "tasddfk76", "task_flow": "In Progress", "description": "deescrip456tion"}, {"id": 47, "name": "tasddfk76", "task_flow": "In Progress", "description": "deescrip456tion"}, {"id": 48, "name": "tasddfk76", "task_flow": "In Progress", "description": "deescrip456tion"}, {"id": 49, "name": "tasddfk76", "task_flow": "In Progress", "description": "deescrip456tion"}, {"id": 50, "name": "tasddfk76", "task_flow": "In Progress", "description": "deescrip456tion"}, {"id": 51, "name": "tasddfk76", "task_flow": "In Progress", "description": "deescrip456tion"}, {"id": 52, "name": "tasddfk76", "task_flow": "In Progress", "description": "deescrip456tion"}, {"id": 53, "name": "tasddfk76", "task_flow": "In Progress", "description": "deescrip456tion"}, {"id": 54, "name": "tasddfk76", "task_flow": "In Progress", "description": "deescrip456tion"}, {"id": 55, "name": "tasddfk76", "task_flow": "In Progress", "description": "deescrip456tion"}, {"id": 56, "name": "tasddfk76", "task_flow": "In Progress", "description": "deescrip456tion"}, {"id": 57, "name": "tasddfk76", "task_flow": "In Progress", "description": "deescrip456tion"}, {"id": 58, "name": "tasddfk76", "task_flow": "In Progress", "description": "deescrip456tion"}, {"id": 59, "name": "tasddfk76", "task_flow": "In Progress", "description": "deescrip456tion"}, {"id": 60, "name": "tasddfk76", "task_flow": "In Progress", "description": "deescrip456tion"}, {"id": 61, "name": "tasddfk76", "task_flow": "In Progress", "description": "deescrip456tion"}, {"id": 62, "name": "taskfinal", "task_flow": "In Progress", "description": "deescrip456tion"}, {"id": 63, "name": "task2", "task_flow": "Rejected", "description": "description2"}, {"id": 64, "name": "taskfinal", "task_flow": "In Progress", "description": "deescrip456tion"}, {"id": 65, "name": "task1", "task_flow": "Rejected", "description": "description2"}, {"id": 66, "name": "task2", "task_flow": "Rejected", "description": "description2"}, {"id": 67, "name": "task1", "task_flow": "In Progress", "description": "description2"}, {"id": 68, "name": "task1", "task_flow": "In Progress", "description": "description2"}, {"id": 69, "name": "task1", "task_flow": "In Progress", "description": "description2"}, {"id": 70, "name": "task1", "task_flow": "In Progress", "description": "description2"}, {"id": 71, "name": "task1", "task_flow": "In Progress", "description": "description2"}, {"id": 72, "name": "task1", "task_flow": "In Progress", "description": "description2"}, {"id": 73, "name": "task1", "task_flow": "In Progress", "description": "description2"}, {"id": 74, "name": "task1", "task_flow": "In Progress", "description": "description2"}, {"id": 75, "name": "task1", "task_flow": "In Progress", "description": "description2"}]	\N
121	http://127.0.0.1:8000/tasks?id=6	{"name": "task1", "task_flow": "In Progress", "description": "description2"}	get	{"id__in": [6, 7]}	2021-02-20 21:04:14	completed	200	{"Authorization": "token 04a488dc0ecef0602a893dcfb3005edb6c488d47"}	[{"id": 6, "name": "task1", "task_flow": "In Progress", "description": "deescription"}, {"id": 7, "name": "task1", "task_flow": "In Progress", "description": "deescrip456tion"}, {"id": 8, "name": "tasddfk1", "task_flow": "In Progress", "description": "deescrip456tion"}, {"id": 9, "name": "tasddfk1", "task_flow": "In Progress", "description": "deescrip456tion"}, {"id": 10, "name": "tasddfk1", "task_flow": "In Progress", "description": "deescrip456tion"}, {"id": 11, "name": "tasddfk1", "task_flow": "In Progress", "description": "deescrip456tion"}, {"id": 12, "name": "tasddfk1", "task_flow": "In Progress", "description": "deescrip456tion"}, {"id": 13, "name": "tasddfk1", "task_flow": "In Progress", "description": "deescrip456tion"}, {"id": 14, "name": "tasddfk1", "task_flow": "In Progress", "description": "deescrip456tion"}, {"id": 15, "name": "tasddfk1", "task_flow": "In Progress", "description": "deescrip456tion"}, {"id": 16, "name": "tasddfk1", "task_flow": "In Progress", "description": "deescrip456tion"}, {"id": 17, "name": "tasddfk1", "task_flow": "In Progress", "description": "deescrip456tion"}, {"id": 18, "name": "tasddfk1", "task_flow": "In Progress", "description": "deescrip456tion"}, {"id": 19, "name": "tasddfk1", "task_flow": "In Progress", "description": "deescrip456tion"}, {"id": 20, "name": "tasddfk1", "task_flow": "In Progress", "description": "deescrip456tion"}, {"id": 21, "name": "tasddfk1", "task_flow": "In Progress", "description": "deescrip456tion"}, {"id": 22, "name": "tasddfk1", "task_flow": "In Progress", "description": "deescrip456tion"}, {"id": 23, "name": "tasddfk76", "task_flow": "In Progress", "description": "deescrip456tion"}, {"id": 24, "name": "tasddfk76", "task_flow": "In Progress", "description": "deescrip456tion"}, {"id": 25, "name": "tasddfk76", "task_flow": "In Progress", "description": "deescrip456tion"}, {"id": 26, "name": "tasddfk76", "task_flow": "In Progress", "description": "deescrip456tion"}, {"id": 27, "name": "tasddfk76", "task_flow": "In Progress", "description": "deescrip456tion"}, {"id": 28, "name": "tasddfk76", "task_flow": "In Progress", "description": "deescrip456tion"}, {"id": 29, "name": "tasddfk76", "task_flow": "In Progress", "description": "deescrip456tion"}, {"id": 30, "name": "tasddfk76", "task_flow": "In Progress", "description": "deescrip456tion"}, {"id": 31, "name": "tasddfk76", "task_flow": "In Progress", "description": "deescrip456tion"}, {"id": 32, "name": "tasddfk76", "task_flow": "In Progress", "description": "deescrip456tion"}, {"id": 33, "name": "tasddfk76", "task_flow": "In Progress", "description": "deescrip456tion"}, {"id": 34, "name": "tasddfk76", "task_flow": "In Progress", "description": "deescrip456tion"}, {"id": 35, "name": "tasddfk76", "task_flow": "In Progress", "description": "deescrip456tion"}, {"id": 36, "name": "tasddfk76", "task_flow": "In Progress", "description": "deescrip456tion"}, {"id": 37, "name": "tasddfk76", "task_flow": "In Progress", "description": "deescrip456tion"}, {"id": 38, "name": "tasddfk76", "task_flow": "In Progress", "description": "deescrip456tion"}, {"id": 39, "name": "tasddfk76", "task_flow": "In Progress", "description": "deescrip456tion"}, {"id": 40, "name": "tasddfk76", "task_flow": "In Progress", "description": "deescrip456tion"}, {"id": 41, "name": "tasddfk76", "task_flow": "In Progress", "description": "deescrip456tion"}, {"id": 42, "name": "tasddfk76", "task_flow": "In Progress", "description": "deescrip456tion"}, {"id": 43, "name": "tasddfk76", "task_flow": "In Progress", "description": "deescrip456tion"}, {"id": 44, "name": "tasddfk76", "task_flow": "In Progress", "description": "deescrip456tion"}, {"id": 45, "name": "tasddfk76", "task_flow": "In Progress", "description": "deescrip456tion"}, {"id": 46, "name": "tasddfk76", "task_flow": "In Progress", "description": "deescrip456tion"}, {"id": 47, "name": "tasddfk76", "task_flow": "In Progress", "description": "deescrip456tion"}, {"id": 48, "name": "tasddfk76", "task_flow": "In Progress", "description": "deescrip456tion"}, {"id": 49, "name": "tasddfk76", "task_flow": "In Progress", "description": "deescrip456tion"}, {"id": 50, "name": "tasddfk76", "task_flow": "In Progress", "description": "deescrip456tion"}, {"id": 51, "name": "tasddfk76", "task_flow": "In Progress", "description": "deescrip456tion"}, {"id": 52, "name": "tasddfk76", "task_flow": "In Progress", "description": "deescrip456tion"}, {"id": 53, "name": "tasddfk76", "task_flow": "In Progress", "description": "deescrip456tion"}, {"id": 54, "name": "tasddfk76", "task_flow": "In Progress", "description": "deescrip456tion"}, {"id": 55, "name": "tasddfk76", "task_flow": "In Progress", "description": "deescrip456tion"}, {"id": 56, "name": "tasddfk76", "task_flow": "In Progress", "description": "deescrip456tion"}, {"id": 57, "name": "tasddfk76", "task_flow": "In Progress", "description": "deescrip456tion"}, {"id": 58, "name": "tasddfk76", "task_flow": "In Progress", "description": "deescrip456tion"}, {"id": 59, "name": "tasddfk76", "task_flow": "In Progress", "description": "deescrip456tion"}, {"id": 60, "name": "tasddfk76", "task_flow": "In Progress", "description": "deescrip456tion"}, {"id": 61, "name": "tasddfk76", "task_flow": "In Progress", "description": "deescrip456tion"}, {"id": 62, "name": "taskfinal", "task_flow": "In Progress", "description": "deescrip456tion"}, {"id": 63, "name": "task2", "task_flow": "Rejected", "description": "description2"}, {"id": 64, "name": "taskfinal", "task_flow": "In Progress", "description": "deescrip456tion"}, {"id": 65, "name": "task1", "task_flow": "Rejected", "description": "description2"}, {"id": 66, "name": "task2", "task_flow": "Rejected", "description": "description2"}, {"id": 67, "name": "task1", "task_flow": "In Progress", "description": "description2"}, {"id": 68, "name": "task1", "task_flow": "In Progress", "description": "description2"}, {"id": 69, "name": "task1", "task_flow": "In Progress", "description": "description2"}, {"id": 70, "name": "task1", "task_flow": "In Progress", "description": "description2"}, {"id": 71, "name": "task1", "task_flow": "In Progress", "description": "description2"}, {"id": 72, "name": "task1", "task_flow": "In Progress", "description": "description2"}, {"id": 73, "name": "task1", "task_flow": "In Progress", "description": "description2"}, {"id": 74, "name": "task1", "task_flow": "In Progress", "description": "description2"}, {"id": 75, "name": "task1", "task_flow": "In Progress", "description": "description2"}]	\N
124	https://heroku-schedules.herokuapp.com/tasks/12	{"name": "heroku123"}	delete	\N	2021-02-23 10:17:33	completed	401	{"Authorization": "token 04a488dc0ecef0602a893dcfb3005edb6c488d47"}	{"detail": "Authentication credentials were not provided."}	\N
122	http://127.0.0.1:8000/tasks/	{"name": "task1", "task_flow": "In Progress", "description": "description2"}	get	\N	2021-02-21 09:09:00	completed	200	{"Authorization": "token 04a488dc0ecef0602a893dcfb3005edb6c488d47"}	[{"id": 6, "name": "task1", "task_flow": "In Progress", "description": "deescription"}, {"id": 7, "name": "task1", "task_flow": "In Progress", "description": "deescrip456tion"}, {"id": 8, "name": "tasddfk1", "task_flow": "In Progress", "description": "deescrip456tion"}, {"id": 9, "name": "tasddfk1", "task_flow": "In Progress", "description": "deescrip456tion"}, {"id": 10, "name": "tasddfk1", "task_flow": "In Progress", "description": "deescrip456tion"}, {"id": 11, "name": "tasddfk1", "task_flow": "In Progress", "description": "deescrip456tion"}, {"id": 12, "name": "tasddfk1", "task_flow": "In Progress", "description": "deescrip456tion"}, {"id": 13, "name": "tasddfk1", "task_flow": "In Progress", "description": "deescrip456tion"}, {"id": 14, "name": "tasddfk1", "task_flow": "In Progress", "description": "deescrip456tion"}, {"id": 15, "name": "tasddfk1", "task_flow": "In Progress", "description": "deescrip456tion"}, {"id": 16, "name": "tasddfk1", "task_flow": "In Progress", "description": "deescrip456tion"}, {"id": 17, "name": "tasddfk1", "task_flow": "In Progress", "description": "deescrip456tion"}, {"id": 18, "name": "tasddfk1", "task_flow": "In Progress", "description": "deescrip456tion"}, {"id": 19, "name": "tasddfk1", "task_flow": "In Progress", "description": "deescrip456tion"}, {"id": 20, "name": "tasddfk1", "task_flow": "In Progress", "description": "deescrip456tion"}, {"id": 21, "name": "tasddfk1", "task_flow": "In Progress", "description": "deescrip456tion"}, {"id": 22, "name": "tasddfk1", "task_flow": "In Progress", "description": "deescrip456tion"}, {"id": 23, "name": "tasddfk76", "task_flow": "In Progress", "description": "deescrip456tion"}, {"id": 24, "name": "tasddfk76", "task_flow": "In Progress", "description": "deescrip456tion"}, {"id": 25, "name": "tasddfk76", "task_flow": "In Progress", "description": "deescrip456tion"}, {"id": 26, "name": "tasddfk76", "task_flow": "In Progress", "description": "deescrip456tion"}, {"id": 27, "name": "tasddfk76", "task_flow": "In Progress", "description": "deescrip456tion"}, {"id": 28, "name": "tasddfk76", "task_flow": "In Progress", "description": "deescrip456tion"}, {"id": 29, "name": "tasddfk76", "task_flow": "In Progress", "description": "deescrip456tion"}, {"id": 30, "name": "tasddfk76", "task_flow": "In Progress", "description": "deescrip456tion"}, {"id": 31, "name": "tasddfk76", "task_flow": "In Progress", "description": "deescrip456tion"}, {"id": 32, "name": "tasddfk76", "task_flow": "In Progress", "description": "deescrip456tion"}, {"id": 33, "name": "tasddfk76", "task_flow": "In Progress", "description": "deescrip456tion"}, {"id": 34, "name": "tasddfk76", "task_flow": "In Progress", "description": "deescrip456tion"}, {"id": 35, "name": "tasddfk76", "task_flow": "In Progress", "description": "deescrip456tion"}, {"id": 36, "name": "tasddfk76", "task_flow": "In Progress", "description": "deescrip456tion"}, {"id": 37, "name": "tasddfk76", "task_flow": "In Progress", "description": "deescrip456tion"}, {"id": 38, "name": "tasddfk76", "task_flow": "In Progress", "description": "deescrip456tion"}, {"id": 39, "name": "tasddfk76", "task_flow": "In Progress", "description": "deescrip456tion"}, {"id": 40, "name": "tasddfk76", "task_flow": "In Progress", "description": "deescrip456tion"}, {"id": 41, "name": "tasddfk76", "task_flow": "In Progress", "description": "deescrip456tion"}, {"id": 42, "name": "tasddfk76", "task_flow": "In Progress", "description": "deescrip456tion"}, {"id": 43, "name": "tasddfk76", "task_flow": "In Progress", "description": "deescrip456tion"}, {"id": 44, "name": "tasddfk76", "task_flow": "In Progress", "description": "deescrip456tion"}, {"id": 45, "name": "tasddfk76", "task_flow": "In Progress", "description": "deescrip456tion"}, {"id": 46, "name": "tasddfk76", "task_flow": "In Progress", "description": "deescrip456tion"}, {"id": 47, "name": "tasddfk76", "task_flow": "In Progress", "description": "deescrip456tion"}, {"id": 48, "name": "tasddfk76", "task_flow": "In Progress", "description": "deescrip456tion"}, {"id": 49, "name": "tasddfk76", "task_flow": "In Progress", "description": "deescrip456tion"}, {"id": 50, "name": "tasddfk76", "task_flow": "In Progress", "description": "deescrip456tion"}, {"id": 51, "name": "tasddfk76", "task_flow": "In Progress", "description": "deescrip456tion"}, {"id": 52, "name": "tasddfk76", "task_flow": "In Progress", "description": "deescrip456tion"}, {"id": 53, "name": "tasddfk76", "task_flow": "In Progress", "description": "deescrip456tion"}, {"id": 54, "name": "tasddfk76", "task_flow": "In Progress", "description": "deescrip456tion"}, {"id": 55, "name": "tasddfk76", "task_flow": "In Progress", "description": "deescrip456tion"}, {"id": 56, "name": "tasddfk76", "task_flow": "In Progress", "description": "deescrip456tion"}, {"id": 57, "name": "tasddfk76", "task_flow": "In Progress", "description": "deescrip456tion"}, {"id": 58, "name": "tasddfk76", "task_flow": "In Progress", "description": "deescrip456tion"}, {"id": 59, "name": "tasddfk76", "task_flow": "In Progress", "description": "deescrip456tion"}, {"id": 60, "name": "tasddfk76", "task_flow": "In Progress", "description": "deescrip456tion"}, {"id": 61, "name": "tasddfk76", "task_flow": "In Progress", "description": "deescrip456tion"}, {"id": 62, "name": "taskfinal", "task_flow": "In Progress", "description": "deescrip456tion"}, {"id": 63, "name": "task2", "task_flow": "Rejected", "description": "description2"}, {"id": 64, "name": "taskfinal", "task_flow": "In Progress", "description": "deescrip456tion"}, {"id": 65, "name": "task1", "task_flow": "Rejected", "description": "description2"}, {"id": 66, "name": "task2", "task_flow": "Rejected", "description": "description2"}, {"id": 67, "name": "task1", "task_flow": "In Progress", "description": "description2"}, {"id": 68, "name": "task1", "task_flow": "In Progress", "description": "description2"}, {"id": 69, "name": "task1", "task_flow": "In Progress", "description": "description2"}, {"id": 70, "name": "task1", "task_flow": "In Progress", "description": "description2"}, {"id": 71, "name": "task1", "task_flow": "In Progress", "description": "description2"}, {"id": 72, "name": "task1", "task_flow": "In Progress", "description": "description2"}, {"id": 73, "name": "task1", "task_flow": "In Progress", "description": "description2"}, {"id": 74, "name": "task1", "task_flow": "In Progress", "description": "description2"}, {"id": 75, "name": "task1", "task_flow": "In Progress", "description": "description2"}]	\N
123	http://127.0.0.1:8000/tasks/	{"name": "task1", "task_flow": "In Progress", "description": "description2"}	post	\N	2021-02-23 10:27:03	completed	401	{"Authorization": "token 04a488dc0ecef0602a893dcfb3005edb6c488d47"}	{"detail": "Authentication credentials were not provided."}	{"name": "task1"}
\.


--
-- Data for Name: tasks_task; Type: TABLE DATA; Schema: public; Owner: -
--

COPY public.tasks_task (id, name, description, task_flow) FROM stdin;
6	task1	deescription	In Progress
7	task1	deescrip456tion	In Progress
8	tasddfk1	deescrip456tion	In Progress
9	tasddfk1	deescrip456tion	In Progress
10	tasddfk1	deescrip456tion	In Progress
11	tasddfk1	deescrip456tion	In Progress
12	tasddfk1	deescrip456tion	In Progress
13	tasddfk1	deescrip456tion	In Progress
14	tasddfk1	deescrip456tion	In Progress
15	tasddfk1	deescrip456tion	In Progress
16	tasddfk1	deescrip456tion	In Progress
17	tasddfk1	deescrip456tion	In Progress
18	tasddfk1	deescrip456tion	In Progress
19	tasddfk1	deescrip456tion	In Progress
20	tasddfk1	deescrip456tion	In Progress
21	tasddfk1	deescrip456tion	In Progress
22	tasddfk1	deescrip456tion	In Progress
23	tasddfk76	deescrip456tion	In Progress
24	tasddfk76	deescrip456tion	In Progress
25	tasddfk76	deescrip456tion	In Progress
26	tasddfk76	deescrip456tion	In Progress
27	tasddfk76	deescrip456tion	In Progress
28	tasddfk76	deescrip456tion	In Progress
29	tasddfk76	deescrip456tion	In Progress
30	tasddfk76	deescrip456tion	In Progress
31	tasddfk76	deescrip456tion	In Progress
32	tasddfk76	deescrip456tion	In Progress
33	tasddfk76	deescrip456tion	In Progress
34	tasddfk76	deescrip456tion	In Progress
35	tasddfk76	deescrip456tion	In Progress
36	tasddfk76	deescrip456tion	In Progress
37	tasddfk76	deescrip456tion	In Progress
38	tasddfk76	deescrip456tion	In Progress
39	tasddfk76	deescrip456tion	In Progress
40	tasddfk76	deescrip456tion	In Progress
41	tasddfk76	deescrip456tion	In Progress
42	tasddfk76	deescrip456tion	In Progress
43	tasddfk76	deescrip456tion	In Progress
44	tasddfk76	deescrip456tion	In Progress
45	tasddfk76	deescrip456tion	In Progress
46	tasddfk76	deescrip456tion	In Progress
47	tasddfk76	deescrip456tion	In Progress
48	tasddfk76	deescrip456tion	In Progress
49	tasddfk76	deescrip456tion	In Progress
50	tasddfk76	deescrip456tion	In Progress
51	tasddfk76	deescrip456tion	In Progress
52	tasddfk76	deescrip456tion	In Progress
53	tasddfk76	deescrip456tion	In Progress
54	tasddfk76	deescrip456tion	In Progress
55	tasddfk76	deescrip456tion	In Progress
56	tasddfk76	deescrip456tion	In Progress
57	tasddfk76	deescrip456tion	In Progress
58	tasddfk76	deescrip456tion	In Progress
59	tasddfk76	deescrip456tion	In Progress
60	tasddfk76	deescrip456tion	In Progress
61	tasddfk76	deescrip456tion	In Progress
62	taskfinal	deescrip456tion	In Progress
63	task2	description2	Rejected
64	taskfinal	deescrip456tion	In Progress
65	task1	description2	Rejected
66	task2	description2	Rejected
67	task1	description2	In Progress
68	task1	description2	In Progress
69	task1	description2	In Progress
70	task1	description2	In Progress
71	task1	description2	In Progress
72	task1	description2	In Progress
73	task1	description2	In Progress
74	task1	description2	In Progress
75	task1	description2	In Progress
\.


--
-- Name: account_emailaddress_id_seq; Type: SEQUENCE SET; Schema: public; Owner: -
--

SELECT pg_catalog.setval('public.account_emailaddress_id_seq', 1, false);


--
-- Name: account_emailconfirmation_id_seq; Type: SEQUENCE SET; Schema: public; Owner: -
--

SELECT pg_catalog.setval('public.account_emailconfirmation_id_seq', 1, false);


--
-- Name: auth_group_id_seq; Type: SEQUENCE SET; Schema: public; Owner: -
--

SELECT pg_catalog.setval('public.auth_group_id_seq', 1, false);


--
-- Name: auth_group_permissions_id_seq; Type: SEQUENCE SET; Schema: public; Owner: -
--

SELECT pg_catalog.setval('public.auth_group_permissions_id_seq', 1, false);


--
-- Name: auth_permission_id_seq; Type: SEQUENCE SET; Schema: public; Owner: -
--

SELECT pg_catalog.setval('public.auth_permission_id_seq', 64, true);


--
-- Name: auth_user_groups_id_seq; Type: SEQUENCE SET; Schema: public; Owner: -
--

SELECT pg_catalog.setval('public.auth_user_groups_id_seq', 1, false);


--
-- Name: auth_user_id_seq; Type: SEQUENCE SET; Schema: public; Owner: -
--

SELECT pg_catalog.setval('public.auth_user_id_seq', 1, true);


--
-- Name: auth_user_user_permissions_id_seq; Type: SEQUENCE SET; Schema: public; Owner: -
--

SELECT pg_catalog.setval('public.auth_user_user_permissions_id_seq', 1, false);


--
-- Name: django_admin_log_id_seq; Type: SEQUENCE SET; Schema: public; Owner: -
--

SELECT pg_catalog.setval('public.django_admin_log_id_seq', 40, true);


--
-- Name: django_content_type_id_seq; Type: SEQUENCE SET; Schema: public; Owner: -
--

SELECT pg_catalog.setval('public.django_content_type_id_seq', 16, true);


--
-- Name: django_migrations_id_seq; Type: SEQUENCE SET; Schema: public; Owner: -
--

SELECT pg_catalog.setval('public.django_migrations_id_seq', 33, true);


--
-- Name: django_site_id_seq; Type: SEQUENCE SET; Schema: public; Owner: -
--

SELECT pg_catalog.setval('public.django_site_id_seq', 1, true);


--
-- Name: scheduleRequests_request_id_seq; Type: SEQUENCE SET; Schema: public; Owner: -
--

SELECT pg_catalog.setval('public."scheduleRequests_request_id_seq"', 124, true);


--
-- Name: tasks_task_id_seq; Type: SEQUENCE SET; Schema: public; Owner: -
--

SELECT pg_catalog.setval('public.tasks_task_id_seq', 75, true);


--
-- Name: account_emailaddress account_emailaddress_email_key; Type: CONSTRAINT; Schema: public; Owner: -
--

ALTER TABLE ONLY public.account_emailaddress
    ADD CONSTRAINT account_emailaddress_email_key UNIQUE (email);


--
-- Name: account_emailaddress account_emailaddress_pkey; Type: CONSTRAINT; Schema: public; Owner: -
--

ALTER TABLE ONLY public.account_emailaddress
    ADD CONSTRAINT account_emailaddress_pkey PRIMARY KEY (id);


--
-- Name: account_emailconfirmation account_emailconfirmation_key_key; Type: CONSTRAINT; Schema: public; Owner: -
--

ALTER TABLE ONLY public.account_emailconfirmation
    ADD CONSTRAINT account_emailconfirmation_key_key UNIQUE (key);


--
-- Name: account_emailconfirmation account_emailconfirmation_pkey; Type: CONSTRAINT; Schema: public; Owner: -
--

ALTER TABLE ONLY public.account_emailconfirmation
    ADD CONSTRAINT account_emailconfirmation_pkey PRIMARY KEY (id);


--
-- Name: auth_group auth_group_name_key; Type: CONSTRAINT; Schema: public; Owner: -
--

ALTER TABLE ONLY public.auth_group
    ADD CONSTRAINT auth_group_name_key UNIQUE (name);


--
-- Name: auth_group_permissions auth_group_permissions_group_id_permission_id_0cd325b0_uniq; Type: CONSTRAINT; Schema: public; Owner: -
--

ALTER TABLE ONLY public.auth_group_permissions
    ADD CONSTRAINT auth_group_permissions_group_id_permission_id_0cd325b0_uniq UNIQUE (group_id, permission_id);


--
-- Name: auth_group_permissions auth_group_permissions_pkey; Type: CONSTRAINT; Schema: public; Owner: -
--

ALTER TABLE ONLY public.auth_group_permissions
    ADD CONSTRAINT auth_group_permissions_pkey PRIMARY KEY (id);


--
-- Name: auth_group auth_group_pkey; Type: CONSTRAINT; Schema: public; Owner: -
--

ALTER TABLE ONLY public.auth_group
    ADD CONSTRAINT auth_group_pkey PRIMARY KEY (id);


--
-- Name: auth_permission auth_permission_content_type_id_codename_01ab375a_uniq; Type: CONSTRAINT; Schema: public; Owner: -
--

ALTER TABLE ONLY public.auth_permission
    ADD CONSTRAINT auth_permission_content_type_id_codename_01ab375a_uniq UNIQUE (content_type_id, codename);


--
-- Name: auth_permission auth_permission_pkey; Type: CONSTRAINT; Schema: public; Owner: -
--

ALTER TABLE ONLY public.auth_permission
    ADD CONSTRAINT auth_permission_pkey PRIMARY KEY (id);


--
-- Name: auth_user_groups auth_user_groups_pkey; Type: CONSTRAINT; Schema: public; Owner: -
--

ALTER TABLE ONLY public.auth_user_groups
    ADD CONSTRAINT auth_user_groups_pkey PRIMARY KEY (id);


--
-- Name: auth_user_groups auth_user_groups_user_id_group_id_94350c0c_uniq; Type: CONSTRAINT; Schema: public; Owner: -
--

ALTER TABLE ONLY public.auth_user_groups
    ADD CONSTRAINT auth_user_groups_user_id_group_id_94350c0c_uniq UNIQUE (user_id, group_id);


--
-- Name: auth_user auth_user_pkey; Type: CONSTRAINT; Schema: public; Owner: -
--

ALTER TABLE ONLY public.auth_user
    ADD CONSTRAINT auth_user_pkey PRIMARY KEY (id);


--
-- Name: auth_user_user_permissions auth_user_user_permissions_pkey; Type: CONSTRAINT; Schema: public; Owner: -
--

ALTER TABLE ONLY public.auth_user_user_permissions
    ADD CONSTRAINT auth_user_user_permissions_pkey PRIMARY KEY (id);


--
-- Name: auth_user_user_permissions auth_user_user_permissions_user_id_permission_id_14a6b632_uniq; Type: CONSTRAINT; Schema: public; Owner: -
--

ALTER TABLE ONLY public.auth_user_user_permissions
    ADD CONSTRAINT auth_user_user_permissions_user_id_permission_id_14a6b632_uniq UNIQUE (user_id, permission_id);


--
-- Name: auth_user auth_user_username_key; Type: CONSTRAINT; Schema: public; Owner: -
--

ALTER TABLE ONLY public.auth_user
    ADD CONSTRAINT auth_user_username_key UNIQUE (username);


--
-- Name: authtoken_token authtoken_token_pkey; Type: CONSTRAINT; Schema: public; Owner: -
--

ALTER TABLE ONLY public.authtoken_token
    ADD CONSTRAINT authtoken_token_pkey PRIMARY KEY (key);


--
-- Name: authtoken_token authtoken_token_user_id_key; Type: CONSTRAINT; Schema: public; Owner: -
--

ALTER TABLE ONLY public.authtoken_token
    ADD CONSTRAINT authtoken_token_user_id_key UNIQUE (user_id);


--
-- Name: django_admin_log django_admin_log_pkey; Type: CONSTRAINT; Schema: public; Owner: -
--

ALTER TABLE ONLY public.django_admin_log
    ADD CONSTRAINT django_admin_log_pkey PRIMARY KEY (id);


--
-- Name: django_content_type django_content_type_app_label_model_76bd3d3b_uniq; Type: CONSTRAINT; Schema: public; Owner: -
--

ALTER TABLE ONLY public.django_content_type
    ADD CONSTRAINT django_content_type_app_label_model_76bd3d3b_uniq UNIQUE (app_label, model);


--
-- Name: django_content_type django_content_type_pkey; Type: CONSTRAINT; Schema: public; Owner: -
--

ALTER TABLE ONLY public.django_content_type
    ADD CONSTRAINT django_content_type_pkey PRIMARY KEY (id);


--
-- Name: django_migrations django_migrations_pkey; Type: CONSTRAINT; Schema: public; Owner: -
--

ALTER TABLE ONLY public.django_migrations
    ADD CONSTRAINT django_migrations_pkey PRIMARY KEY (id);


--
-- Name: django_session django_session_pkey; Type: CONSTRAINT; Schema: public; Owner: -
--

ALTER TABLE ONLY public.django_session
    ADD CONSTRAINT django_session_pkey PRIMARY KEY (session_key);


--
-- Name: django_site django_site_domain_a2e37b91_uniq; Type: CONSTRAINT; Schema: public; Owner: -
--

ALTER TABLE ONLY public.django_site
    ADD CONSTRAINT django_site_domain_a2e37b91_uniq UNIQUE (domain);


--
-- Name: django_site django_site_pkey; Type: CONSTRAINT; Schema: public; Owner: -
--

ALTER TABLE ONLY public.django_site
    ADD CONSTRAINT django_site_pkey PRIMARY KEY (id);


--
-- Name: scheduleRequests_request scheduleRequests_request_pkey; Type: CONSTRAINT; Schema: public; Owner: -
--

ALTER TABLE ONLY public."scheduleRequests_request"
    ADD CONSTRAINT "scheduleRequests_request_pkey" PRIMARY KEY (id);


--
-- Name: tasks_task tasks_task_pkey; Type: CONSTRAINT; Schema: public; Owner: -
--

ALTER TABLE ONLY public.tasks_task
    ADD CONSTRAINT tasks_task_pkey PRIMARY KEY (id);


--
-- Name: account_emailaddress_email_03be32b2_like; Type: INDEX; Schema: public; Owner: -
--

CREATE INDEX account_emailaddress_email_03be32b2_like ON public.account_emailaddress USING btree (email varchar_pattern_ops);


--
-- Name: account_emailaddress_user_id_2c513194; Type: INDEX; Schema: public; Owner: -
--

CREATE INDEX account_emailaddress_user_id_2c513194 ON public.account_emailaddress USING btree (user_id);


--
-- Name: account_emailconfirmation_email_address_id_5b7f8c58; Type: INDEX; Schema: public; Owner: -
--

CREATE INDEX account_emailconfirmation_email_address_id_5b7f8c58 ON public.account_emailconfirmation USING btree (email_address_id);


--
-- Name: account_emailconfirmation_key_f43612bd_like; Type: INDEX; Schema: public; Owner: -
--

CREATE INDEX account_emailconfirmation_key_f43612bd_like ON public.account_emailconfirmation USING btree (key varchar_pattern_ops);


--
-- Name: auth_group_name_a6ea08ec_like; Type: INDEX; Schema: public; Owner: -
--

CREATE INDEX auth_group_name_a6ea08ec_like ON public.auth_group USING btree (name varchar_pattern_ops);


--
-- Name: auth_group_permissions_group_id_b120cbf9; Type: INDEX; Schema: public; Owner: -
--

CREATE INDEX auth_group_permissions_group_id_b120cbf9 ON public.auth_group_permissions USING btree (group_id);


--
-- Name: auth_group_permissions_permission_id_84c5c92e; Type: INDEX; Schema: public; Owner: -
--

CREATE INDEX auth_group_permissions_permission_id_84c5c92e ON public.auth_group_permissions USING btree (permission_id);


--
-- Name: auth_permission_content_type_id_2f476e4b; Type: INDEX; Schema: public; Owner: -
--

CREATE INDEX auth_permission_content_type_id_2f476e4b ON public.auth_permission USING btree (content_type_id);


--
-- Name: auth_user_groups_group_id_97559544; Type: INDEX; Schema: public; Owner: -
--

CREATE INDEX auth_user_groups_group_id_97559544 ON public.auth_user_groups USING btree (group_id);


--
-- Name: auth_user_groups_user_id_6a12ed8b; Type: INDEX; Schema: public; Owner: -
--

CREATE INDEX auth_user_groups_user_id_6a12ed8b ON public.auth_user_groups USING btree (user_id);


--
-- Name: auth_user_user_permissions_permission_id_1fbb5f2c; Type: INDEX; Schema: public; Owner: -
--

CREATE INDEX auth_user_user_permissions_permission_id_1fbb5f2c ON public.auth_user_user_permissions USING btree (permission_id);


--
-- Name: auth_user_user_permissions_user_id_a95ead1b; Type: INDEX; Schema: public; Owner: -
--

CREATE INDEX auth_user_user_permissions_user_id_a95ead1b ON public.auth_user_user_permissions USING btree (user_id);


--
-- Name: auth_user_username_6821ab7c_like; Type: INDEX; Schema: public; Owner: -
--

CREATE INDEX auth_user_username_6821ab7c_like ON public.auth_user USING btree (username varchar_pattern_ops);


--
-- Name: authtoken_token_key_10f0b77e_like; Type: INDEX; Schema: public; Owner: -
--

CREATE INDEX authtoken_token_key_10f0b77e_like ON public.authtoken_token USING btree (key varchar_pattern_ops);


--
-- Name: django_admin_log_content_type_id_c4bce8eb; Type: INDEX; Schema: public; Owner: -
--

CREATE INDEX django_admin_log_content_type_id_c4bce8eb ON public.django_admin_log USING btree (content_type_id);


--
-- Name: django_admin_log_user_id_c564eba6; Type: INDEX; Schema: public; Owner: -
--

CREATE INDEX django_admin_log_user_id_c564eba6 ON public.django_admin_log USING btree (user_id);


--
-- Name: django_session_expire_date_a5c62663; Type: INDEX; Schema: public; Owner: -
--

CREATE INDEX django_session_expire_date_a5c62663 ON public.django_session USING btree (expire_date);


--
-- Name: django_session_session_key_c0390e0f_like; Type: INDEX; Schema: public; Owner: -
--

CREATE INDEX django_session_session_key_c0390e0f_like ON public.django_session USING btree (session_key varchar_pattern_ops);


--
-- Name: django_site_domain_a2e37b91_like; Type: INDEX; Schema: public; Owner: -
--

CREATE INDEX django_site_domain_a2e37b91_like ON public.django_site USING btree (domain varchar_pattern_ops);


--
-- Name: scheduleRequests_request_body_eb25b239; Type: INDEX; Schema: public; Owner: -
--

CREATE INDEX "scheduleRequests_request_body_eb25b239" ON public."scheduleRequests_request" USING btree (body);


--
-- Name: scheduleRequests_request_header_db9ecd4c; Type: INDEX; Schema: public; Owner: -
--

CREATE INDEX "scheduleRequests_request_header_db9ecd4c" ON public."scheduleRequests_request" USING btree (header);


--
-- Name: scheduleRequests_request_params_1f7403a7; Type: INDEX; Schema: public; Owner: -
--

CREATE INDEX "scheduleRequests_request_params_1f7403a7" ON public."scheduleRequests_request" USING btree (params);


--
-- Name: scheduleRequests_request_requested_at_42cb218c; Type: INDEX; Schema: public; Owner: -
--

CREATE INDEX "scheduleRequests_request_requested_at_42cb218c" ON public."scheduleRequests_request" USING btree (requested_at);


--
-- Name: scheduleRequests_request_url_a711bef6; Type: INDEX; Schema: public; Owner: -
--

CREATE INDEX "scheduleRequests_request_url_a711bef6" ON public."scheduleRequests_request" USING btree (url);


--
-- Name: scheduleRequests_request_url_a711bef6_like; Type: INDEX; Schema: public; Owner: -
--

CREATE INDEX "scheduleRequests_request_url_a711bef6_like" ON public."scheduleRequests_request" USING btree (url varchar_pattern_ops);


--
-- Name: tasks_task_description_0b510d5c; Type: INDEX; Schema: public; Owner: -
--

CREATE INDEX tasks_task_description_0b510d5c ON public.tasks_task USING btree (description);


--
-- Name: tasks_task_description_0b510d5c_like; Type: INDEX; Schema: public; Owner: -
--

CREATE INDEX tasks_task_description_0b510d5c_like ON public.tasks_task USING btree (description text_pattern_ops);


--
-- Name: tasks_task_name_c493070a; Type: INDEX; Schema: public; Owner: -
--

CREATE INDEX tasks_task_name_c493070a ON public.tasks_task USING btree (name);


--
-- Name: tasks_task_name_c493070a_like; Type: INDEX; Schema: public; Owner: -
--

CREATE INDEX tasks_task_name_c493070a_like ON public.tasks_task USING btree (name varchar_pattern_ops);


--
-- Name: account_emailaddress account_emailaddress_user_id_2c513194_fk_auth_user_id; Type: FK CONSTRAINT; Schema: public; Owner: -
--

ALTER TABLE ONLY public.account_emailaddress
    ADD CONSTRAINT account_emailaddress_user_id_2c513194_fk_auth_user_id FOREIGN KEY (user_id) REFERENCES public.auth_user(id) DEFERRABLE INITIALLY DEFERRED;


--
-- Name: account_emailconfirmation account_emailconfirm_email_address_id_5b7f8c58_fk_account_e; Type: FK CONSTRAINT; Schema: public; Owner: -
--

ALTER TABLE ONLY public.account_emailconfirmation
    ADD CONSTRAINT account_emailconfirm_email_address_id_5b7f8c58_fk_account_e FOREIGN KEY (email_address_id) REFERENCES public.account_emailaddress(id) DEFERRABLE INITIALLY DEFERRED;


--
-- Name: auth_group_permissions auth_group_permissio_permission_id_84c5c92e_fk_auth_perm; Type: FK CONSTRAINT; Schema: public; Owner: -
--

ALTER TABLE ONLY public.auth_group_permissions
    ADD CONSTRAINT auth_group_permissio_permission_id_84c5c92e_fk_auth_perm FOREIGN KEY (permission_id) REFERENCES public.auth_permission(id) DEFERRABLE INITIALLY DEFERRED;


--
-- Name: auth_group_permissions auth_group_permissions_group_id_b120cbf9_fk_auth_group_id; Type: FK CONSTRAINT; Schema: public; Owner: -
--

ALTER TABLE ONLY public.auth_group_permissions
    ADD CONSTRAINT auth_group_permissions_group_id_b120cbf9_fk_auth_group_id FOREIGN KEY (group_id) REFERENCES public.auth_group(id) DEFERRABLE INITIALLY DEFERRED;


--
-- Name: auth_permission auth_permission_content_type_id_2f476e4b_fk_django_co; Type: FK CONSTRAINT; Schema: public; Owner: -
--

ALTER TABLE ONLY public.auth_permission
    ADD CONSTRAINT auth_permission_content_type_id_2f476e4b_fk_django_co FOREIGN KEY (content_type_id) REFERENCES public.django_content_type(id) DEFERRABLE INITIALLY DEFERRED;


--
-- Name: auth_user_groups auth_user_groups_group_id_97559544_fk_auth_group_id; Type: FK CONSTRAINT; Schema: public; Owner: -
--

ALTER TABLE ONLY public.auth_user_groups
    ADD CONSTRAINT auth_user_groups_group_id_97559544_fk_auth_group_id FOREIGN KEY (group_id) REFERENCES public.auth_group(id) DEFERRABLE INITIALLY DEFERRED;


--
-- Name: auth_user_groups auth_user_groups_user_id_6a12ed8b_fk_auth_user_id; Type: FK CONSTRAINT; Schema: public; Owner: -
--

ALTER TABLE ONLY public.auth_user_groups
    ADD CONSTRAINT auth_user_groups_user_id_6a12ed8b_fk_auth_user_id FOREIGN KEY (user_id) REFERENCES public.auth_user(id) DEFERRABLE INITIALLY DEFERRED;


--
-- Name: auth_user_user_permissions auth_user_user_permi_permission_id_1fbb5f2c_fk_auth_perm; Type: FK CONSTRAINT; Schema: public; Owner: -
--

ALTER TABLE ONLY public.auth_user_user_permissions
    ADD CONSTRAINT auth_user_user_permi_permission_id_1fbb5f2c_fk_auth_perm FOREIGN KEY (permission_id) REFERENCES public.auth_permission(id) DEFERRABLE INITIALLY DEFERRED;


--
-- Name: auth_user_user_permissions auth_user_user_permissions_user_id_a95ead1b_fk_auth_user_id; Type: FK CONSTRAINT; Schema: public; Owner: -
--

ALTER TABLE ONLY public.auth_user_user_permissions
    ADD CONSTRAINT auth_user_user_permissions_user_id_a95ead1b_fk_auth_user_id FOREIGN KEY (user_id) REFERENCES public.auth_user(id) DEFERRABLE INITIALLY DEFERRED;


--
-- Name: authtoken_token authtoken_token_user_id_35299eff_fk_auth_user_id; Type: FK CONSTRAINT; Schema: public; Owner: -
--

ALTER TABLE ONLY public.authtoken_token
    ADD CONSTRAINT authtoken_token_user_id_35299eff_fk_auth_user_id FOREIGN KEY (user_id) REFERENCES public.auth_user(id) DEFERRABLE INITIALLY DEFERRED;


--
-- Name: django_admin_log django_admin_log_content_type_id_c4bce8eb_fk_django_co; Type: FK CONSTRAINT; Schema: public; Owner: -
--

ALTER TABLE ONLY public.django_admin_log
    ADD CONSTRAINT django_admin_log_content_type_id_c4bce8eb_fk_django_co FOREIGN KEY (content_type_id) REFERENCES public.django_content_type(id) DEFERRABLE INITIALLY DEFERRED;


--
-- Name: django_admin_log django_admin_log_user_id_c564eba6_fk_auth_user_id; Type: FK CONSTRAINT; Schema: public; Owner: -
--

ALTER TABLE ONLY public.django_admin_log
    ADD CONSTRAINT django_admin_log_user_id_c564eba6_fk_auth_user_id FOREIGN KEY (user_id) REFERENCES public.auth_user(id) DEFERRABLE INITIALLY DEFERRED;


--
-- PostgreSQL database dump complete
--

